Провожающая в последний путь Фрирен,TV Сериал,2023,https://nyaa.shikimori.one/uploads/poster/animes/52991/preview_alt-f180ae801fddf9551e27aff2d96f2112.jpeg
Стальной алхимик: Братство,TV Сериал,2009,https://dere.shikimori.one/uploads/poster/animes/5114/preview_alt-ba65e789c26d848f95418b3f8718b525.jpeg
Врата Штейна,TV Сериал,2011,https://nyaa.shikimori.one/uploads/poster/animes/9253/preview_alt-2e34cb98f6d7199d871e9520f24a4b0a.jpeg
Ван-Пис: Письмо от поклонника,TV Спецвыпуск,2024,https://nyaa.shikimori.one/uploads/poster/animes/60022/preview_alt-db987c1a5b0240b3bac6d8f8a16893fc.jpeg
Атака титанов 3. Часть 2,TV Сериал,2019,https://nyaa.shikimori.one/uploads/poster/animes/38524/preview_alt-12978c1960d8f290bae223ce025b23ef.jpeg
Гинтама 4,TV Сериал,2015,https://dere.shikimori.one/uploads/poster/animes/28977/preview_alt-2fff98c1ee26af4f31c76ae3d5b7a9d6.jpeg
Гинтама: Финал,Фильм,2021,https://dere.shikimori.one/uploads/poster/animes/39486/preview_alt-2c087537871483e110e534fce9d14d5e.jpeg
Гинтама 2,TV Сериал,2011,https://nyaa.shikimori.one/uploads/poster/animes/9969/preview_alt-02f2bb2b03f40379fb45e1711e91d33b.jpeg
Охотник х Охотник (2011),TV Сериал,2011,https://nyaa.shikimori.one/uploads/poster/animes/11061/preview_alt-6e20d146e854ef52a28f8366d021ad23.jpeg
Гинтама 3,TV Сериал,2012,https://dere.shikimori.one/uploads/poster/animes/15417/preview_alt-168a13ec2443ccadc954a262af3f646a.jpeg
Легенда о героях Галактики,OVA,1988,https://nyaa.shikimori.one/uploads/poster/animes/820/preview_alt-ac14d4fa7ff3db2bcea3de64cd8b1844.jpeg
Блич: Тысячелетняя кровавая война,TV Сериал,2022,https://nyaa.shikimori.one/uploads/poster/animes/41467/preview_alt-8cc8979ef0c9228db6a1127fa511fbfc.jpeg
Госпожа Кагуя: в любви как на войне 3,TV Сериал,2022,https://dere.shikimori.one/uploads/poster/animes/43608/preview_alt-da0280f2447ac238cfdfa0d8ccb38b30.jpeg
Гинтама 5,TV Сериал,2017,https://dere.shikimori.one/uploads/poster/animes/34096/preview_alt-82fe9d396a84e955ecc0b01224386854.jpeg
Корзинка фруктов: Финал,TV Сериал,2021,https://dere.shikimori.one/uploads/poster/animes/42938/preview_alt-3d02d1535bc3d137f7fd28f945ddbdfe.jpeg
Кланнад: Продолжение истории,TV Сериал,2008,https://nyaa.shikimori.one/uploads/poster/animes/4181/preview_alt-0cfac6b30ce41947ab4f455c5f027cd1.jpeg
Гинтама,TV Сериал,2006,https://dere.shikimori.one/uploads/poster/animes/918/preview_alt-ecda807950276f275455bb9831adbf73.jpeg
Форма голоса,Фильм,2016,https://nyaa.shikimori.one/uploads/poster/animes/28851/preview_alt-d83a0a0ff4508a844e7a145d3f3866de.jpeg
Мартовский лев 2,TV Сериал,2017,https://nyaa.shikimori.one/uploads/poster/animes/35180/preview_alt-3dc7368c5360d85b307bd56d2ac42d13.jpeg
Код Гиас: Восставший Лелуш 2,TV Сериал,2008,https://nyaa.shikimori.one/uploads/poster/animes/2904/preview_alt-df83ebd3c988ac49d7f90714368dd5c0.jpeg
Гинтама: Финальная арка — Ёродзуя навсегда!,Фильм,2013,https://nyaa.shikimori.one/uploads/poster/animes/15335/preview_alt-f3797b5bb1f72ffabc88e9cfd22e408a.jpeg
Гинтама 8,TV Сериал,2018,https://nyaa.shikimori.one/uploads/poster/animes/37491/preview_alt-dffc0e7e0b082b9419f5c1453afc38a5.jpeg
Монолог фармацевта,TV Сериал,2023,https://dere.shikimori.one/uploads/poster/animes/54492/preview_alt-5a008c4dd0d2045948f17b9d81a50bc7.jpeg
Монстр,TV Сериал,2004,https://nyaa.shikimori.one/uploads/poster/animes/19/preview_alt-92754cb573561cea98627b3717b6e45c.jpeg
История финала 2,TV Спецвыпуск,2017,https://dere.shikimori.one/uploads/poster/animes/35247/preview_alt-7ea899214e6fdb6012b54352b9f7d078.jpeg
Атака титанов: Финал — Заключительная глава,TV Спецвыпуск,2023,https://dere.shikimori.one/uploads/poster/animes/51535/preview_alt-aa5261c673babe5a72d17c85c6a07aa1.jpeg
Поднятие уровня в одиночку 2: Восстаньте из тени,TV Сериал,2025,https://nyaa.shikimori.one/uploads/poster/animes/58567/preview_alt-6790ee5a11470e4424356d0a66502461.jpeg
Вайолет Эвергарден. Фильм,Фильм,2020,https://dere.shikimori.one/uploads/poster/animes/37987/preview_alt-6e5b2caad4712666a2f1db04d475ad82.jpeg
Твоё имя,Фильм,2016,https://nyaa.shikimori.one/uploads/poster/animes/32281/preview_alt-23f0f8065846657aebeeea36b09819e1.jpeg
Царство 3,TV Сериал,2020,https://nyaa.shikimori.one/uploads/poster/animes/40682/preview_alt-83bf488770db833d7c2148ea794b520e.jpeg
Гинтама 7,TV Сериал,2018,https://nyaa.shikimori.one/uploads/poster/animes/36838/preview_alt-d9c7ca60821e04784962a020fe760fae.jpeg
Сага о Винланде 2,TV Сериал,2023,https://nyaa.shikimori.one/uploads/poster/animes/49387/preview_alt-9d436ef31b1886bba8a3ea7a6e56e5c5.jpeg
Моб Психо 100 2,TV Сериал,2019,https://dere.shikimori.one/uploads/poster/animes/37510/preview_alt-4b9e8ed9849f2b45d258fd0fc9d02509.jpeg
Истории ран. Часть 3: Холодная кровь,Фильм,2017,https://nyaa.shikimori.one/uploads/poster/animes/31758/preview_alt-ce759da9ae431a797af1a25c0166633b.jpeg
Атака титанов: Финал,TV Сериал,2020,https://dere.shikimori.one/uploads/poster/animes/40028/preview_alt-0604ba16baa4cbca6b1fd6fa920e44e5.jpeg
Опасность в моём сердце 2,TV Сериал,2024,https://nyaa.shikimori.one/uploads/poster/animes/55690/preview_alt-4631226a042c864b4d95a25985e6defa.jpeg
Волейбол!! 3,TV Сериал,2016,https://dere.shikimori.one/uploads/poster/animes/32935/preview_alt-2e0b1527cfce3558b0a6e20b95970989.jpeg
Магическая битва 2,TV Сериал,2023,https://dere.shikimori.one/uploads/poster/animes/51009/preview_alt-7e40b02d667ac80e526986d8713425cd.jpeg
Первый шаг,TV Сериал,2000,https://dere.shikimori.one/uploads/poster/animes/263/preview_alt-d048016926514ffbc3c3944fe2b146d1.jpeg
Унесённые призраками,Фильм,2001,https://nyaa.shikimori.one/uploads/poster/animes/199/preview_alt-38907523a3707ed46fc58e79fb950d91.jpeg
Одинокий рокер!,TV Сериал,2022,https://nyaa.shikimori.one/uploads/poster/animes/47917/preview_alt-fec99aded2a0f10e9df5682e6f0650a7.jpeg
Атака титанов: Финал. Часть 2,TV Сериал,2022,https://nyaa.shikimori.one/uploads/poster/animes/48583/preview_alt-8e1ec5472b587b8b230698b864f9e0a6.jpeg
Цикл историй: Второй сезон,TV Сериал,2013,https://nyaa.shikimori.one/uploads/poster/animes/17074/preview_alt-33a672e811427eb1e291e4e2e4c8f67c.jpeg
Сага о Винланде,TV Сериал,2019,https://dere.shikimori.one/uploads/poster/animes/37521/preview_alt-51336771727b37f0ad2407cd7a890996.jpeg
Монолог фармацевта 2,TV Сериал,2025,https://dere.shikimori.one/uploads/poster/animes/58514/preview_alt-70670454c344a50317017a199c2cd69f.jpeg
Госпожа Кагуя: в любви как на войне — Первый поцелуй никогда не заканчивается,Фильм,2022,https://nyaa.shikimori.one/uploads/poster/animes/52198/preview_alt-0fac103747d9d898392ce0a49e09bae8.jpeg
Ковбой Бибоп,TV Сериал,1998,https://nyaa.shikimori.one/uploads/poster/animes/1/preview_alt-17820ee9ef707650bffcb78ac3e5910a.jpeg
Первый слэм-данк,Фильм,2022,https://dere.shikimori.one/uploads/poster/animes/45649/preview_alt-9b24bafbca366dc8ce285cad79fd342f.jpeg
Ван-Пис,TV Сериал,1999,https://dere.shikimori.one/uploads/poster/animes/21/preview_alt-388cc0df7b9c69000a628bf7527afbb9.jpeg
"Клинок, рассекающий демонов: Квартал красных фонарей",TV Сериал,2021,https://nyaa.shikimori.one/uploads/poster/animes/47778/preview_alt-915fedf3f7db17f10495450d6ccc715f.jpeg
Царство 4,TV Сериал,2022,https://nyaa.shikimori.one/uploads/poster/animes/50160/preview_alt-cc0b94bd3f129deeef052b739ecb93c5.jpeg
Завтрашний Джо 2,TV Сериал,1980,https://nyaa.shikimori.one/uploads/poster/animes/2921/preview_alt-84002d9b6978346e7c2090a62894fad9.jpeg
Царство 5,TV Сериал,2024,https://nyaa.shikimori.one/uploads/poster/animes/53223/preview_alt-2a914abae586b6a8502bc74864def703.jpeg
Агент времени,ONA,2021,https://nyaa.shikimori.one/uploads/poster/animes/44074/preview_alt-cb648136551e0f385178b422659ac5ae.jpeg
Мастер муси: Следующая глава 2,TV Сериал,2014,https://dere.shikimori.one/uploads/poster/animes/24701/preview_alt-999a07f005b9b230ceb83f6f7a1c2f03.jpeg
"Звучи, эуфониум! 3",TV Сериал,2024,https://dere.shikimori.one/uploads/poster/animes/39894/preview_alt-25b9350d07dbf2e1dbae56cc186c6196.jpeg
Моб Психо 100 3,TV Сериал,2022,https://nyaa.shikimori.one/uploads/poster/animes/50172/preview_alt-c34c39839da2124ec73df8b1ca772727.jpeg
Сёва-Гэнроку: Двойное самоубийство по ракуго 2,TV Сериал,2017,https://dere.shikimori.one/uploads/poster/animes/33095/preview_alt-97192c7183b3598c11050920ab9b414a.jpeg
Блич: Тысячелетняя кровавая война — Конфликт,TV Сериал,2024,https://nyaa.shikimori.one/uploads/poster/animes/56784/preview_alt-5efa37218d52381064bdd851fc1e7ce2.jpeg
Цикл историй: Межсезонье и сезон монстров,ONA,2024,https://nyaa.shikimori.one/uploads/poster/animes/57864/preview_alt-8e7df64064cc212b4e2ee7d6492dc543.jpeg
Восемьдесят шесть. Часть 2,TV Сериал,2021,https://dere.shikimori.one/uploads/poster/animes/48569/preview_alt-5debfb27127deb39ad96094a26f37400.jpeg
Блич: Тысячелетняя кровавая война — Прощание,TV Сериал,2023,https://dere.shikimori.one/uploads/poster/animes/53998/preview_alt-d84e0f848650f077dc4a910d60b05c10.jpeg
Код Гиас: Восставший Лелуш,TV Сериал,2006,https://nyaa.shikimori.one/uploads/poster/animes/1575/preview_alt-b1b8a5982fbabf18d60ed590930d273c.jpeg
Бродяга Кэнсин: Воспоминания,OVA,1999,https://nyaa.shikimori.one/uploads/poster/animes/44/preview_alt-dcf87b2f9f92578e145e6020d75b279b.jpeg
Мастер муси: Следующая глава,TV Сериал,2014,https://nyaa.shikimori.one/uploads/poster/animes/21939/preview_alt-3d915701b815e80693af609c78d7c3ba.jpeg
Оглянись,Фильм,2024,https://nyaa.shikimori.one/uploads/poster/animes/58125/preview_alt-5076197216746b928680e1763b5e9881.jpeg
Крутой учитель Онидзука,TV Сериал,1999,https://dere.shikimori.one/uploads/poster/animes/245/preview_alt-59ff5baef3585c76ec8229d2f05891d8.jpeg
Магистр дьявольского культа 3,ONA,2021,https://dere.shikimori.one/uploads/poster/animes/40434/preview_alt-5f9366d50ad8d125a4f19ffabbfdc99d.jpeg
Вайолет Эвергарден,TV Сериал,2018,https://nyaa.shikimori.one/uploads/poster/animes/33352/preview_alt-f4b12c0b3cbb4737e4f357e9e8c4321e.jpeg
Ходячий замок,Фильм,2004,https://nyaa.shikimori.one/uploads/poster/animes/431/preview_alt-99bce29e6e88fffaf5e1d8cbf1c6a248.jpeg
Первый шаг: Новый вызов,TV Сериал,2009,https://dere.shikimori.one/uploads/poster/animes/5258/preview_alt-cdfe7e955fc1d91096bc026361308189.jpeg
Re:Zero. Жизнь с нуля в альтернативном мире 3,TV Сериал,2024,https://nyaa.shikimori.one/uploads/poster/animes/54857/preview_alt-413ef187aa832e2e28758f7eae62745c.jpeg
Благословение небожителей 2,ONA,2023,https://nyaa.shikimori.one/uploads/poster/animes/50399/preview_alt-26a29d15209bae9a0be23b472170d2b6.jpeg
Принцесса Мононоке,Фильм,1997,https://dere.shikimori.one/uploads/poster/animes/164/preview_alt-7351968c32720894298e271aac4f8047.jpeg
Мастер муси,TV Сериал,2005,https://nyaa.shikimori.one/uploads/poster/animes/457/preview_alt-f45566db108521a55c5e5ca0dd08dabf.jpeg
Реинкарнация безработного: История о приключениях в другом мире. Часть 2,TV Сериал,2021,https://dere.shikimori.one/uploads/poster/animes/45576/preview_alt-9edd35c2e4af9e45a7843074fa365709.jpeg
Судьба/Ночь схватки: Прикосновение небес 3,Фильм,2020,https://dere.shikimori.one/uploads/poster/animes/33050/preview_alt-3e31d5474b4ec2ce96d1b673ee324ee0.jpeg
Случайное такси,TV Сериал,2021,https://nyaa.shikimori.one/uploads/poster/animes/46102/preview_alt-2fdf77faee386afbb8fd89f27f34b997.jpeg
Созданный в Бездне,TV Сериал,2017,https://dere.shikimori.one/uploads/poster/animes/34599/preview_alt-8b173ce655651ec44d4985685e200a23.jpeg
Тетрадь дружбы Нацумэ 4,TV Сериал,2012,https://nyaa.shikimori.one/uploads/poster/animes/11665/preview_alt-3b3ee2ab2d8a9c839d84c7ddd90fe1dd.jpeg
Твоя апрельская ложь,TV Сериал,2014,https://nyaa.shikimori.one/uploads/poster/animes/23273/preview_alt-5d69575b3460cdb4f741b71ae6b93e03.jpeg
Агент времени 2,ONA,2023,https://dere.shikimori.one/uploads/poster/animes/49413/preview_alt-490e33ff3713eb18d6c0465e34630c12.jpeg
Атака титанов 3,TV Сериал,2018,https://dere.shikimori.one/uploads/poster/animes/35760/preview_alt-f77dc93cfd51886a3295f52517b27ed0.jpeg
Атака титанов: Заключительная глава — Последняя атака,Фильм,2024,https://nyaa.shikimori.one/uploads/poster/animes/59571/preview_alt-0aefce33306768872bb489557d65be54.jpeg
"Гуррен-Лаганн, пронзающий небеса",TV Сериал,2007,https://dere.shikimori.one/uploads/poster/animes/2001/preview_alt-262442193197d296ecc59fa6c20adbe8.jpeg
Великий из бродячих псов 5,TV Сериал,2023,https://nyaa.shikimori.one/uploads/poster/animes/54898/preview_alt-4096e7d2c83e4e022405d16d9e8563cc.jpeg
Волейбол!! Решающая игра на свалке,Фильм,2024,https://nyaa.shikimori.one/uploads/poster/animes/52742/preview_alt-dba16cd6f74f08ae6927601cd6b32b30.jpeg
Тетрадь смерти,TV Сериал,2006,https://dere.shikimori.one/uploads/poster/animes/1535/preview_alt-9fd3efb50ed29524695d2e43b96434c6.jpeg
Волейбол!! 2,TV Сериал,2015,https://dere.shikimori.one/uploads/poster/animes/28891/preview_alt-e10306be8be2ec7d9fdd1799ea8e036c.jpeg
Госпожа Кагуя: в любви как на войне 2,TV Сериал,2020,https://dere.shikimori.one/uploads/poster/animes/40591/preview_alt-7546fa499ddd3e379f11bfe29c7969c9.jpeg
"Созданный в Бездне: Солнце, вспыхнувшее в Золотом городе",TV Сериал,2022,https://nyaa.shikimori.one/uploads/poster/animes/41084/preview_alt-48a1f3b47308974b2bdc2f1f7effe875.jpeg
Пинг-понг,TV Сериал,2014,https://nyaa.shikimori.one/uploads/poster/animes/22135/preview_alt-62b24f84f623e42927715894076eba72.jpeg
Созданный в Бездне: Рассвет глубокой души,Фильм,2020,https://nyaa.shikimori.one/uploads/poster/animes/36862/preview_alt-cf3be968d53fdf0257b99c3706293208.jpeg
Тетрадь дружбы Нацумэ 6,TV Сериал,2017,https://nyaa.shikimori.one/uploads/poster/animes/34591/preview_alt-0658df2062e3d912aa020c7347ec4a8c.jpeg
Киберпанк: Бегущие по краю,ONA,2022,https://dere.shikimori.one/uploads/poster/animes/42310/preview_alt-35cebc7322bee5cb179f6ae64553072c.jpeg
Подземелье вкусностей,TV Сериал,2024,https://dere.shikimori.one/uploads/poster/animes/52701/preview_alt-16dfba4f950e1ccd441bd6358f2b862a.jpeg
Исчезновение Харухи Судзумии,Фильм,2010,https://nyaa.shikimori.one/uploads/poster/animes/7311/preview_alt-33ce98e13c071e78de79a5a4d1a48f33.jpeg
Первый шаг: Восхождение,TV Сериал,2013,https://nyaa.shikimori.one/uploads/poster/animes/19647/preview_alt-f9ec99179ba108b1bddd5ee8929b06af.jpeg
Ребёнок идола 2,TV Сериал,2024,https://dere.shikimori.one/uploads/poster/animes/55791/preview_alt-147cba1e6ca5ff8375ad366d745edb66.jpeg
Тетрадь дружбы Нацумэ 7,TV Сериал,2024,https://nyaa.shikimori.one/uploads/poster/animes/55823/preview_alt-d515f8b92cfb0ff761d0b35929b95627.jpeg
Ребёнок идола,TV Сериал,2023,https://nyaa.shikimori.one/uploads/poster/animes/52034/preview_alt-44a1e3a76c74702d167619910c9a3505.jpeg
Этот глупый свин не понимает мечту девочки-мечтательницы,Фильм,2019,https://dere.shikimori.one/uploads/poster/animes/38329/preview_alt-2b28c613bc89e92ca94dd3dfdae0967d.jpeg
Евангелион 3.0+1.01: Как-то раз,Фильм,2021,https://dere.shikimori.one/uploads/poster/animes/3786/preview_alt-49426c5a34552be2bb5bc5135263c6af.jpeg
Берсерк,TV Сериал,1997,https://nyaa.shikimori.one/uploads/poster/animes/33/preview_alt-4be08cabc088dd8a141400df7521af46.jpeg
Гуррен-Лаганн: Звёздный свет,Фильм,2009,https://dere.shikimori.one/uploads/poster/animes/4565/preview_alt-a5bc54bfec6780c4cee3c55e0c49e9a5.jpeg
Мастер муси: Следующая глава — Капли колокольчиков,Фильм,2015,https://dere.shikimori.one/uploads/poster/animes/28957/preview_alt-333846fd0a3d2fad85e36df43a67bbe1.jpeg
Невероятное приключение ДжоДжо: Золотой ветер,TV Сериал,2018,https://nyaa.shikimori.one/uploads/poster/animes/37991/preview_alt-30f0ab902fc8d92a2045fea51e033d72.jpeg
"Клинок, рассекающий демонов: Бесконечный поезд. Фильм",Фильм,2020,https://nyaa.shikimori.one/uploads/poster/animes/40456/preview_alt-142bb46717a999d1266cdb4a69189205.jpeg
Тетрадь дружбы Нацумэ 3,TV Сериал,2011,https://dere.shikimori.one/uploads/poster/animes/10379/preview_alt-feda4bcb2881a742f0eedfe1384c9d9c.jpeg
Магическая битва,TV Сериал,2020,https://nyaa.shikimori.one/uploads/poster/animes/40748/preview_alt-ffd9c300a33433d9ce0bf1ce35824900.jpeg
Дандадан,TV Сериал,2024,https://dere.shikimori.one/uploads/poster/animes/57334/preview_alt-2a346126c6ca6b0b4eb749fefb7ae788.jpeg
Истории ран. Часть 2: Горячая кровь,Фильм,2016,https://dere.shikimori.one/uploads/poster/animes/31757/preview_alt-08f1fe8758ab8301a85148791f673498.jpeg
Расколотая битвой синева небес: Трёхлетнее соглашение,ONA,2021,https://nyaa.shikimori.one/uploads/poster/animes/49701/preview_alt-65675ef4d10b0b7acff59550765c3fa4.jpeg
Тетрадь дружбы Нацумэ 5,TV Сериал,2016,https://dere.shikimori.one/uploads/poster/animes/32983/preview_alt-96156a9fef331a2a4e096f584868a928.jpeg
Нана,TV Сериал,2006,https://nyaa.shikimori.one/uploads/poster/animes/877/preview_alt-282dc4719e17d8ff1e5a259d13c70e09.jpeg
Волчьи дети Амэ и Юки,Фильм,2012,https://nyaa.shikimori.one/uploads/poster/animes/12355/preview_alt-30e69f1b48c72df1ddd26d0eb2d04cf9.jpeg
Я хочу съесть твою поджелудочную,Фильм,2018,https://dere.shikimori.one/uploads/poster/animes/36098/preview_alt-5b1a5c7ceeefe4efb7e39602b0feb723.jpeg
Идеальная грусть,Фильм,1998,https://nyaa.shikimori.one/uploads/poster/animes/437/preview_alt-47ce182a88e316369d181dac87fb2fa4.jpeg
Атака титанов,TV Сериал,2013,https://dere.shikimori.one/uploads/poster/animes/16498/preview_alt-c15083ab825f7f58d3f951f95fbc2444.jpeg
Евангелион нового поколения: Конец Евангелиона,Фильм,1997,https://dere.shikimori.one/uploads/poster/animes/32/preview_alt-996c7576e808d9ef5a3dca3aa254f582.jpeg
Сёва-Гэнроку: Двойное самоубийство по ракуго,TV Сериал,2016,https://dere.shikimori.one/uploads/poster/animes/28735/preview_alt-4d06b8c0f10535ea765498f873d303e5.jpeg
Слэм-данк,TV Сериал,1993,https://nyaa.shikimori.one/uploads/poster/animes/170/preview_alt-52f1fcacea176abf55f53504fb9684f0.jpeg
Сказ о четырёх с половиной татами,TV Сериал,2010,https://nyaa.shikimori.one/uploads/poster/animes/7785/preview_alt-54a353be21c08ea8d02fda16609823b0.jpeg
Волейбол!! К вершине 2,TV Сериал,2020,https://nyaa.shikimori.one/uploads/poster/animes/40776/preview_alt-72e1b0469d51159f2ae40d4a9dd0f5ff.jpeg
Врата Штейна 0,TV Сериал,2018,https://dere.shikimori.one/uploads/poster/animes/30484/preview_alt-16a6c1a156930bf163b8f009b7c593a6.jpeg
Корзинка фруктов 2,TV Сериал,2020,https://nyaa.shikimori.one/uploads/poster/animes/40417/preview_alt-d569b2ff443ebe7c2d911de17fd2b77e.jpeg
Судьба/Начало 2,TV Сериал,2012,https://nyaa.shikimori.one/uploads/poster/animes/11741/preview_alt-e9c048d4c9d9dc8ada06c51209351484.jpeg
Тетрадь дружбы Нацумэ 2,TV Сериал,2009,https://dere.shikimori.one/uploads/poster/animes/5300/preview_alt-eba1b0e82f062f48d850744dd3814815.jpeg
"Мастер муси: Тень, поглотившая Солнце",TV Спецвыпуск,2014,https://nyaa.shikimori.one/uploads/poster/animes/21329/preview_alt-75fc3dc6d716aacdb7f6b15781fcd39b.jpeg
Невероятное приключение ДжоДжо: Каменный океан. Часть 3,ONA,2022,https://nyaa.shikimori.one/uploads/poster/animes/53273/preview_alt-1ee076f2fd22722f9cb64c2e01b0151f.jpeg
Призрак в доспехах: Синдром одиночки 2,TV Сериал,2004,https://dere.shikimori.one/uploads/poster/animes/801/preview_alt-9bc000237d65fc9cf32cb29b15452aa0.jpeg
Бакуман 3,TV Сериал,2012,https://nyaa.shikimori.one/uploads/poster/animes/12365/preview_alt-c018928355d945a5cb57de6aec5f130f.jpeg
Гинтама: Сказание о Бэнидзакуре,Фильм,2010,https://dere.shikimori.one/uploads/poster/animes/7472/preview_alt-4fc9a2ec616c960327861467dd25abbf.jpeg
Гинтама 6,TV Сериал,2017,https://dere.shikimori.one/uploads/poster/animes/35843/preview_alt-82e69f00f0808340011a1faec9655699.jpeg
Могила светлячков,Фильм,1988,https://dere.shikimori.one/uploads/poster/animes/578/preview_alt-ce2d3f40fbe61a203dcc074782fa9c97.jpeg
Атака титанов 2,TV Сериал,2017,https://dere.shikimori.one/uploads/poster/animes/25777/preview_alt-ec6ac7d3e47ed6de4cd9ee1fb287f3aa.jpeg
Девичья опера: Свет ревю. Фильм,Фильм,2021,https://dere.shikimori.one/uploads/poster/animes/40664/preview_alt-e394ed4903caac4dff231d703e217225.jpeg
"Дальше, чем космос",TV Сериал,2018,https://nyaa.shikimori.one/uploads/poster/animes/35839/preview_alt-d613073c389fe0e66763b7bee62502d5.jpeg
Лагерь на свежем воздухе 2,TV Сериал,2021,https://dere.shikimori.one/uploads/poster/animes/38474/preview_alt-4bbef6e6cc59a1c926fc707cdf7aa994.jpeg
Достучаться до тебя 3,ONA,2024,https://nyaa.shikimori.one/uploads/poster/animes/56538/preview_alt-c334642484597b6241692f828ec75fd6.jpeg
Граница пустоты 5: Спираль парадокса,Фильм,2008,https://nyaa.shikimori.one/uploads/poster/animes/4282/preview_alt-4328f6b50ad94dee6789da3d9a37d466.jpeg
Самурай Чамплу,TV Сериал,2004,https://dere.shikimori.one/uploads/poster/animes/205/preview_alt-b42573dc341bf374fa768e0bb7a9dea9.jpeg
Рейтинг короля,TV Сериал,2021,https://dere.shikimori.one/uploads/poster/animes/40834/preview_alt-b441a53546335609e09056b905f8d300.jpeg
Благословение небожителей: Спецвыпуск,ONA,2021,https://nyaa.shikimori.one/uploads/poster/animes/44070/preview_alt-8d3eb0129db13e8836eeac30f699de92.jpeg
Невероятное приключение ДжоДжо: Несокрушимый алмаз,TV Сериал,2016,https://nyaa.shikimori.one/uploads/poster/animes/31933/preview_alt-5462619c77afb97baf7ae2890b3be170.jpeg
Обещанный Неверленд,TV Сериал,2019,https://dere.shikimori.one/uploads/poster/animes/37779/preview_alt-93b7bf28c2996427fc85bcc3a95312ff.jpeg
Девочка-волшебница Мадока★Волшебный фильм 3: История восстания,Фильм,2013,https://dere.shikimori.one/uploads/poster/animes/11981/preview_alt-842c173a308d1f5ce38c1ec45b48bd57.jpeg
Моб Психо 100,TV Сериал,2016,https://nyaa.shikimori.one/uploads/poster/animes/32182/preview_alt-b4a90afd9181420b6cff4e2a8dcf4c3c.jpeg
Ванпанчмен,TV Сериал,2015,https://nyaa.shikimori.one/uploads/poster/animes/30276/preview_alt-bfdd721222fa7df8d0b683be591f6fa0.jpeg
Класс убийц 2,TV Сериал,2016,https://dere.shikimori.one/uploads/poster/animes/30654/preview_alt-23edb61acc50a3756154d18b17bfc1a0.jpeg
Ария: Происхождение,TV Сериал,2008,https://nyaa.shikimori.one/uploads/poster/animes/3297/preview_alt-e72ff9a7efd73b81cbcc70a60f1eea83.jpeg
Космические братья,TV Сериал,2012,https://nyaa.shikimori.one/uploads/poster/animes/12431/preview_alt-ded2886b1540304eff280edeef8d42f3.jpeg
Семья шпиона,TV Сериал,2022,https://dere.shikimori.one/uploads/poster/animes/50265/preview_alt-a4d9674891f073d8d31bde2d36bd3e39.jpeg
Человек-бензопила,TV Сериал,2022,https://nyaa.shikimori.one/uploads/poster/animes/44511/preview_alt-226112c0e0e5f72e9dfc4ffe21b70060.jpeg
Судьба/Ночь схватки: Прикосновение небес 2,Фильм,2019,https://nyaa.shikimori.one/uploads/poster/animes/33049/preview_alt-0ff49cdb11b7a09bd77badf7833b6307.jpeg
Мелочи жизни,TV Сериал,2011,https://dere.shikimori.one/uploads/poster/animes/10165/preview_alt-f83515f5f5b396f6ccfe0275e47e58ed.jpeg
Летнее время,TV Сериал,2022,https://dere.shikimori.one/uploads/poster/animes/47194/preview_alt-8dc75dc048d7c535c7370a7bfe12ae66.jpeg
Плутон,ONA,2023,https://dere.shikimori.one/uploads/poster/animes/35737/preview_alt-6708be82295376dedae0513eb0418902.jpeg
Отчёт о буйстве духов,TV Сериал,1992,https://dere.shikimori.one/uploads/poster/animes/392/preview_alt-aab483a1869f074ef185c2e169c28c0b.jpeg
Банановая рыба,TV Сериал,2018,https://nyaa.shikimori.one/uploads/poster/animes/36649/preview_alt-e8d62d382f3b5a5ee6cf05a712b41918.jpeg
Яркая Тихая 3,TV Сериал,2019,https://nyaa.shikimori.one/uploads/poster/animes/37379/preview_alt-5bef784dd794cf7247567032547fde1c.jpeg
Магистр дьявольского культа,ONA,2018,https://nyaa.shikimori.one/uploads/poster/animes/37208/preview_alt-58cbf107f054f232fba56508a7717820.jpeg
Магистр дьявольского культа 2,ONA,2019,https://dere.shikimori.one/uploads/poster/animes/38450/preview_alt-9d614631f1ef45ed224dd1a445352bd6.jpeg
Гинтама: Полуфинал,Спецвыпуск,2021,https://nyaa.shikimori.one/uploads/poster/animes/44087/preview_alt-e1fae1ef729854f12b01cf89771ef422.jpeg
"Клинок, рассекающий демонов",TV Сериал,2019,https://nyaa.shikimori.one/uploads/poster/animes/38000/preview_alt-b8f0f759aff78e3d2e3ae9b82cbd8ff3.jpeg
История финала,TV Сериал,2015,https://nyaa.shikimori.one/uploads/poster/animes/31181/preview_alt-4759556df274ed0d977896ec43ce3470.jpeg
Врата Штейна: Зона загрузки дежавю,Фильм,2013,https://dere.shikimori.one/uploads/poster/animes/11577/preview_alt-7f68296eb9e452bd332ed59da9fb8df2.jpeg
Радуга: Семеро из шестой камеры второго блока,TV Сериал,2010,https://dere.shikimori.one/uploads/poster/animes/6114/preview_alt-9dc85a3680d032c058978e387adedfef.jpeg
История финала: Продолжение,TV Сериал,2019,https://dere.shikimori.one/uploads/poster/animes/36999/preview_alt-eca6f65e75cf11254370204d44cddecc.jpeg
О движении Земли,TV Сериал,2024,https://dere.shikimori.one/uploads/poster/animes/52215/preview_alt-37e6c9e8c344a549028874a1228bc044.jpeg
Расколотая битвой синева небес 5,ONA,2022,https://nyaa.shikimori.one/uploads/poster/animes/51039/preview_alt-e0a512f062c8952c41655932884dc089.jpeg
Девушки-пони: Славное дерби — Начало новой эры,Фильм,2024,https://dere.shikimori.one/uploads/poster/animes/57647/preview_alt-a1c878a4ba09c3b68aee4d892d3a22be.jpeg
Невероятное приключение ДжоДжо: Рыцари звёздной пыли 2,TV Сериал,2015,https://nyaa.shikimori.one/uploads/poster/animes/26055/preview_alt-1a1254bcba319a05260331344a01947d.jpeg
Великий из бродячих псов 4,TV Сериал,2023,https://nyaa.shikimori.one/uploads/poster/animes/50330/preview_alt-d368547415fb11ac49312705d65605bd.jpeg
Волейбол!!,TV Сериал,2014,https://dere.shikimori.one/uploads/poster/animes/20583/preview_alt-8d2bb0ffe47a52321cb5cc5c46d39299.jpeg
Озорная Такаги. Фильм,Фильм,2022,https://nyaa.shikimori.one/uploads/poster/animes/49722/preview_alt-d58626c304bfebc7c97109a3be46e456.jpeg
Необъятный океан,TV Сериал,2018,https://nyaa.shikimori.one/uploads/poster/animes/37105/preview_alt-c4b7a8333e4810e1dca5ef5481a4a62c.jpeg
Золотое божество 3,TV Сериал,2020,https://nyaa.shikimori.one/uploads/poster/animes/40059/preview_alt-40868a263605c6869e5c63b3830827b6.jpeg
Мастер муси: Следующая глава — Тернистый путь,TV Спецвыпуск,2014,https://nyaa.shikimori.one/uploads/poster/animes/24687/preview_alt-660f1051cd05bcaea6437ba9e79af276.jpeg
Реинкарнация безработного: История о приключениях в другом мире 2. Часть 2,TV Сериал,2024,https://dere.shikimori.one/uploads/poster/animes/55888/preview_alt-3e95499daf4024a50e142b70e13a7a2a.jpeg
Re:Zero. Жизнь с нуля в альтернативном мире 2. Часть 2,TV Сериал,2021,https://nyaa.shikimori.one/uploads/poster/animes/42203/preview_alt-c2f14b3fd98c6a6cc2abff6f6346b02e.jpeg
Задержи этот звук! Часть 2,TV Сериал,2019,https://dere.shikimori.one/uploads/poster/animes/38889/preview_alt-e04e8cf42793c3cef7c99aea9696a06c.jpeg
Призрак в доспехах: Синдром одиночки,TV Сериал,2002,https://nyaa.shikimori.one/uploads/poster/animes/467/preview_alt-a199dcabfc965244300be2ce5e3fb095.jpeg
Этот замечательный мир! Багровая легенда,Фильм,2019,https://nyaa.shikimori.one/uploads/poster/animes/38040/preview_alt-5483213303a9028572e657b34f774c25.jpeg
Магическая битва 0. Фильм,Фильм,2021,https://dere.shikimori.one/uploads/poster/animes/48561/preview_alt-8315e88478dd71f5f8920cf13e69d0b2.jpeg
Мононокэ,TV Сериал,2007,https://dere.shikimori.one/uploads/poster/animes/2246/preview_alt-747db0dcd8d6556d49979a8c07974907.jpeg
Тетрадь дружбы Нацумэ: Эфемерная связь,Фильм,2018,https://nyaa.shikimori.one/uploads/poster/animes/36538/preview_alt-9d2249b54b0c998782e8dd33d37c5a2c.jpeg
Как воспитать героиню из обычной девушки: Финал,Фильм,2019,https://nyaa.shikimori.one/uploads/poster/animes/36885/preview_alt-713c6756d7b6b30c9d1cd657fd8f0fb0.jpeg
Благословение небожителей,ONA,2020,https://dere.shikimori.one/uploads/poster/animes/40730/preview_alt-941e4206f8a31edd823ace5a22eda8c7.jpeg
Гинтама: Лучшее из «Гинтамы» на Theater 2D,Фильм,2012,https://dere.shikimori.one/uploads/poster/animes/21899/preview_alt-27c91126036338bdbd1766c81040b670.jpeg
Охотник х Охотник,TV Сериал,1999,https://nyaa.shikimori.one/uploads/poster/animes/136/preview_alt-5219c5fe88499bfa11e2ea0fd52ae4b9.jpeg
Ох уж этот экстрасенс Сайки Кусуо!,TV Сериал,2016,https://nyaa.shikimori.one/uploads/poster/animes/33255/preview_alt-91bf06cb7709e50ba44c1fb35f80c823.jpeg
Ох уж этот экстрасенс Сайки Кусуо! 2,TV Сериал,2018,https://dere.shikimori.one/uploads/poster/animes/34612/preview_alt-1423e07ef556cfb4b3f1b59441bb3723.jpeg
Седьмой киллер 3,ONA,2021,https://dere.shikimori.one/uploads/poster/animes/45556/preview_alt-320e21ea67efc2b606307f702f30203e.jpeg
Атака титанов: Выбор без сожалений,OVA,2014,https://dere.shikimori.one/uploads/poster/animes/25781/preview_alt-367c3d64d448eced7109696a0da2a26d.jpeg
Вайолет Эвергарден: Вечность и призрак пера,Фильм,2019,https://nyaa.shikimori.one/uploads/poster/animes/39741/preview_alt-efad5297ed373486afe04cfece79cede.jpeg
Лагерь на свежем воздухе. Фильм,Фильм,2022,https://dere.shikimori.one/uploads/poster/animes/38475/preview_alt-f6975f117db6c00883847d6f1810ec80.jpeg
"Очень приятно, Бог 2 OVA",OVA,2015,https://dere.shikimori.one/uploads/poster/animes/30709/preview_alt-6e6bb23c8744d886396ca213afd1ce66.jpeg
Госпожа Кагуя: в любви как на войне,TV Сериал,2019,https://dere.shikimori.one/uploads/poster/animes/37999/preview_alt-1cc5f7f22e409ddddbc7575c995d0d9b.jpeg
Тетрадь дружбы Нацумэ 6: Спецвыпуски,Спецвыпуск,2017,https://dere.shikimori.one/uploads/poster/animes/36275/preview_alt-e64031d676a409d10fe96e86204511c1.jpeg
Озорная Такаги 3,TV Сериал,2022,https://nyaa.shikimori.one/uploads/poster/animes/49721/preview_alt-fede4e011e410415ca2d4b42df0442ab.jpeg
Агент времени: Глава Инду,ONA,2024,https://nyaa.shikimori.one/uploads/poster/animes/56752/preview_alt-49ba8178c0c050b7f7c528fd9ddefc5f.jpeg
Мэйджор 5,TV Сериал,2009,https://nyaa.shikimori.one/uploads/poster/animes/5028/preview_alt-833c6cef92433c6304ae804f6f91a6d6.jpeg
Укрась прощальное утро цветами обещания,Фильм,2018,https://nyaa.shikimori.one/uploads/poster/animes/35851/preview_alt-2c887e5648ac084f7f5db86591ef204d.jpeg
Виви: Песнь флюоритового глаза,TV Сериал,2021,https://nyaa.shikimori.one/uploads/poster/animes/46095/preview_alt-fdb59660e64e4ec26b5267e5cd1e95fd.jpeg
Страна самоцветов,TV Сериал,2017,https://dere.shikimori.one/uploads/poster/animes/35557/preview_alt-c12bca069260c8ce2a4fe9cf12898f38.jpeg
Синий гигант,Фильм,2023,https://dere.shikimori.one/uploads/poster/animes/50183/preview_alt-d121bc6d0ce50f2d47e02de489891373.jpeg
"Жозе, тигр и рыба",Фильм,2020,https://dere.shikimori.one/uploads/poster/animes/40787/preview_alt-f673da519545054b81b34a4dac627670.jpeg
Созданный в Бездне: Блуждающие сумерки,Фильм,2019,https://nyaa.shikimori.one/uploads/poster/animes/37515/preview_alt-94a502a2cc5625c52a5dde17d62077b1.jpeg
Рамаяна: Легенда о царевиче Раме,Фильм,1993,https://nyaa.shikimori.one/uploads/poster/animes/4921/preview_alt-d899d8a7c1d4a1663cd5e236428a0363.jpeg
Плач девичьей группы,TV Сериал,2024,https://nyaa.shikimori.one/uploads/poster/animes/55102/preview_alt-80871423f7a8e035f62fedfbc4eef15d.jpeg
Яркая Тихая 2,TV Сериал,2013,https://dere.shikimori.one/uploads/poster/animes/14397/preview_alt-bc0329ff56c8e602b29dc9f8e886bef9.jpeg
Гинтама 4: Любовные благовония,OVA,2016,https://nyaa.shikimori.one/uploads/poster/animes/32366/preview_alt-85da92fea7a04ec08d08f86fb3201502.jpeg
Ковбой Бибоп: Достучаться до небес,Фильм,2001,https://nyaa.shikimori.one/uploads/poster/animes/5/preview_alt-57d786d8ace4e7103183b8b2542de094.jpeg
Почувствуй ветер,TV Сериал,2018,https://dere.shikimori.one/uploads/poster/animes/37965/preview_alt-2a5b7d4628bb4fd5b9f8f206415a142f.jpeg
Корзинка фруктов: Прелюдия,Фильм,2022,https://nyaa.shikimori.one/uploads/poster/animes/49310/preview_alt-09ee745938341bfcb7b9e15c53e3038e.jpeg
Мартовский лев,TV Сериал,2016,https://dere.shikimori.one/uploads/poster/animes/31646/preview_alt-5b27ac773b7e88d833b28cc943665f57.jpeg
Перекрёстная игра,TV Сериал,2009,https://dere.shikimori.one/uploads/poster/animes/5941/preview_alt-de93ac063a0f9cc49fbab3e8b6e081d0.jpeg
Баракамон,TV Сериал,2014,https://nyaa.shikimori.one/uploads/poster/animes/22789/preview_alt-aed28ab112c5a69f5fdadcd8c9a5ba60.jpeg
Граница пустоты 7: Теория убийства — Часть 2,Фильм,2009,https://nyaa.shikimori.one/uploads/poster/animes/5205/preview_alt-893b2a9f23a2c7d1eb6543af0967ed3c.jpeg
Волейбол!! К вершине,TV Сериал,2020,https://nyaa.shikimori.one/uploads/poster/animes/38883/preview_alt-9364d19ff1907dbb39035d3ca8f8ea55.jpeg
Девочка-волшебница Мадока★Волшебство,TV Сериал,2011,https://nyaa.shikimori.one/uploads/poster/animes/9756/preview_alt-a1e0842457d451fde9fee5921bcf52ef.jpeg
Девочка-волшебница Мадока★Волшебный фильм 2: История вечности,Фильм,2012,https://dere.shikimori.one/uploads/poster/animes/11979/preview_alt-e36ed4b83e4875bfd52b66fcf6d0e8a6.jpeg
Истории ран. Часть 1: Железная кровь,Фильм,2016,https://nyaa.shikimori.one/uploads/poster/animes/9260/preview_alt-f9a41cc6ff6249e5553885b1bfc16a46.jpeg
Реинкарнация безработного: История о приключениях в другом мире,TV Сериал,2021,https://nyaa.shikimori.one/uploads/poster/animes/39535/preview_alt-fb0bbce9f120470dfae36db74db8256b.jpeg
Деревенская глубинка 3,TV Сериал,2021,https://dere.shikimori.one/uploads/poster/animes/39808/preview_alt-39069c7f9339c3ab498ba99894fd3b1f.jpeg
Этот замечательный мир! 3,TV Сериал,2024,https://nyaa.shikimori.one/uploads/poster/animes/49458/preview_alt-120f5022154c2e76354ebada383e9f0f.jpeg
Кэйон в кино!,Фильм,2011,https://dere.shikimori.one/uploads/poster/animes/9617/preview_alt-4ae4632e25bb8b69c78461be573d2b6a.jpeg
О моём перерождении в слизь 2,TV Сериал,2021,https://nyaa.shikimori.one/uploads/poster/animes/39551/preview_alt-ff86ef45c9c38931c1a4c08331fb52d5.jpeg
Детектив Конан: Железная подводная лодка,Фильм,2023,https://nyaa.shikimori.one/uploads/poster/animes/53540/preview_alt-4225be6e6ae45bfc535242e69356740b.jpeg
Евангелион нового поколения,TV Сериал,1995,https://dere.shikimori.one/uploads/poster/animes/30/preview_alt-0a848874626e06646c2cfb1db731d52d.jpeg
Девушки и танки: Финал. Часть 4,Фильм,2023,https://nyaa.shikimori.one/uploads/poster/animes/39167/preview_alt-1b1847bce4bf2e1da50d4e10d87b89e8.jpeg
Навсикая из Долины ветров,Фильм,1984,https://nyaa.shikimori.one/uploads/poster/animes/572/preview_alt-42c77daf3c8af4fcf51a4bfd847b9420.jpeg
Пожиратель звёзд 3,ONA,2022,https://dere.shikimori.one/uploads/poster/animes/56523/preview_alt-3b17e1c7431164302b844a2e2695f5a0.jpeg
Шумиха!,TV Сериал,2007,https://dere.shikimori.one/uploads/poster/animes/2251/preview_alt-26b1a1e0f8b212cb518c2571576e374c.jpeg
Хеллсинг OVA,OVA,2006,https://nyaa.shikimori.one/uploads/poster/animes/777/preview_alt-ee719799f4df86f4c7b866aa45c5907e.jpeg
Гинтама: Рождение Белого Демона,Спецвыпуск,2008,https://dere.shikimori.one/uploads/poster/animes/6945/preview_alt-2167fd491bdbb79f36d13a24f5a83288.jpeg
"Клинок, рассекающий демонов: Бесконечный поезд",TV Сериал,2021,https://dere.shikimori.one/uploads/poster/animes/49926/preview_alt-499ace0e71a84a83f073009bfe979e11.jpeg
Инициал Ди: Стадия первая,TV Сериал,1998,https://dere.shikimori.one/uploads/poster/animes/185/preview_alt-0878c1ea47f88ebeaa1f29cbab1d13d1.jpeg
"Как и ожидалось, моя школьная романтическая жизнь не удалась 3",TV Сериал,2020,https://dere.shikimori.one/uploads/poster/animes/39547/preview_alt-1a1e0d30cb3bd2eca0580a60333f632f.jpeg
Бакуман 2,TV Сериал,2011,https://dere.shikimori.one/uploads/poster/animes/10030/preview_alt-ca4fcaacf22fe2e95fc8a0c20538ea68.jpeg
"Для тебя, Бессмертный",TV Сериал,2021,https://nyaa.shikimori.one/uploads/poster/animes/41025/preview_alt-51fe79328d65069593fed95c30408ff7.jpeg
Семёрка идолов 3. Часть 2,TV Сериал,2022,https://dere.shikimori.one/uploads/poster/animes/46654/preview_alt-fddb6c3c69c2a7577f03e72bb45ef3a2.jpeg
Роза Версаля,TV Сериал,1979,https://dere.shikimori.one/uploads/poster/animes/338/preview_alt-701161787d84af9cff8b5583057b728f.jpeg
Туманный холм пяти стихий 2,ONA,2023,https://dere.shikimori.one/uploads/poster/animes/50407/preview_alt-d6d4cd25b470738e03c533e1105e4d88.jpeg
"Вайолет Эвергарден: День, когда ты поймёшь, что я люблю тебя, обязательно наступит",Спецвыпуск,2018,https://dere.shikimori.one/uploads/poster/animes/37095/preview_alt-f6e48d0d5afe26f5d2cf67754c3937fd.jpeg
Вайолет Эвергарден: Воспоминания,Спецвыпуск,2021,https://dere.shikimori.one/uploads/poster/animes/53672/preview_alt-d04812418cb978cfcc32c1fd4f6481b9.jpeg
Брошенный кролик,TV Сериал,2011,https://nyaa.shikimori.one/uploads/poster/animes/10162/preview_alt-21da2b38d970617f9135a788961d76e9.jpeg
Пожиратель звёзд 4,ONA,2023,https://dere.shikimori.one/uploads/poster/animes/56524/preview_alt-d9be075fd45419838f97fac6b7eee41b.jpeg
Боевой континент 2,ONA,2018,https://nyaa.shikimori.one/uploads/poster/animes/37822/preview_alt-b8fb9b6842380433e719798d52f5c064.jpeg
"Звучи, эуфониум! 2",TV Сериал,2016,https://dere.shikimori.one/uploads/poster/animes/31988/preview_alt-150cc36ca5c36de0d85428088070fd56.jpeg
Мобильный воин Гандам: Происхождение,OVA,2015,https://nyaa.shikimori.one/uploads/poster/animes/10937/preview_alt-c98436eec32ec35588b01955a24d80f1.jpeg
Паразит: Учение о жизни,TV Сериал,2014,https://dere.shikimori.one/uploads/poster/animes/22535/preview_alt-8f34f803e0c62d1c9fef9d5144816a1d.jpeg
Тетрадь дружбы Нацумэ: Однажды зимним днём,OVA,2014,https://nyaa.shikimori.one/uploads/poster/animes/20651/preview_alt-d0a830b52a1ed68f09c00a94c5aa369c.jpeg
Re:Zero. Жизнь с нуля в альтернативном мире 2,TV Сериал,2020,https://nyaa.shikimori.one/uploads/poster/animes/39587/preview_alt-1bc998a80f8660c85684d8a74e75e695.jpeg
Психопаспорт,TV Сериал,2012,https://dere.shikimori.one/uploads/poster/animes/13601/preview_alt-45e0837da30c3688b6960f034a0666e8.jpeg
Один на вылет,TV Сериал,2008,https://nyaa.shikimori.one/uploads/poster/animes/5040/preview_alt-3c29fdfd2eb791bb87add51f73ee704b.jpeg
Истории монстров,TV Сериал,2009,https://dere.shikimori.one/uploads/poster/animes/5081/preview_alt-56846168d4669b5b5c5ef9f055304ac4.jpeg
Космический линкор Ямато 2199,OVA,2012,https://dere.shikimori.one/uploads/poster/animes/12029/preview_alt-e2a840fe414faaf01d7bc7b72aeaf892.jpeg
Судьба/Ночь схватки: Бесконечный мир клинков 2,TV Сериал,2015,https://dere.shikimori.one/uploads/poster/animes/28701/preview_alt-004fe76ebe999f48bbb0f367f3bcdebd.jpeg
